{"cameraMode":{"drawMode":0,"name":"Shaded","section":"Shading Mode"},"sceneLighting":true,"audioPlay":false,"sceneViewState":{"showFog":true,"showMaterialUpdate":true,"showSkybox":false,"showFlares":true,"showImageEffects":true,"showParticleSystems":true},"in2DMode":false,"pivot":{"x":239.80320739746095,"y":1029.611083984375,"z":258.5800476074219},"rotation":{"x":-0.024000978097319604,"y":0.02307458035647869,"z":-0.000568821036722511,"w":-0.999470591545105},"size":1014.24658203125,"orthographic":false}